{"cameraMode":{"drawMode":0,"name":"Shaded","section":"Shading Mode"},"sceneLighting":true,"audioPlay":false,"sceneViewState":{"m_AlwaysRefresh":false,"showFog":true,"showSkybox":true,"showFlares":true,"showImageEffects":true,"showParticleSystems":true,"showVisualEffectGraphs":true,"m_FxEnabled":true},"in2DMode":false,"pivot":{"x":-0.9179671406745911,"y":-52.234458923339847,"z":51.71649169921875},"rotation":{"x":-0.3901480436325073,"y":0.006073741242289543,"z":-0.002573421224951744,"w":-0.9207090735435486},"size":54.746604919433597,"orthographic":false}